time,open,high,low,close,RSI,RSI-based MA,Upper Bollinger Band,Lower Bollinger Band
2023-01-23T14:00:00Z,143.26,143.76,142.76,143.52,46.89270530376155,36.828245129316336,NaN,NaN
2023-01-23T15:00:00Z,143.54,143.7,142.03,142.23,40.60173361501634,37.557243157647235,NaN,NaN
2023-01-23T16:00:00Z,142.18,142.75,141.83,141.99,39.53895252909478,38.24105820703003,NaN,NaN
2023-01-23T17:00:00Z,141.98,142.09,141.58,142.07,40.10178166634556,38.95492916244221,NaN,NaN
2023-01-23T18:00:00Z,142.06,142.25,141.82,141.93,39.41037399505668,40.00493860458182,NaN,NaN
2023-01-23T19:00:00Z,141.86,141.86,140.7,140.91,34.71429213227826,40.083302365815044,NaN,NaN
2023-01-23T20:00:00Z,140.91,141.23,140.87,141.04,35.76486363719596,39.93552967123894,NaN,NaN
2023-01-24T14:00:00Z,140.81,140.9,139.85,139.93,31.154893791506595,39.62270870147967,NaN,NaN
2023-01-24T15:00:00Z,139.98,141.19,139.98,141.15,40.268066834938885,39.7317277764585,NaN,NaN
2023-01-24T16:00:00Z,141.12,141.91,141.12,141.61,43.31489647015499,39.932332140639325,NaN,NaN
2023-01-24T17:00:00Z,141.65,141.83,141.39,141.74,44.18144009662477,40.043103856395724,NaN,NaN
2023-01-24T18:00:00Z,141.72,142.19,141.71,142.11,46.679807208757886,40.33864619787243,NaN,NaN
2023-01-24T19:00:00Z,142.11,142.36,141.86,142.23,47.500530478661126,40.78176140334005,NaN,NaN
2023-01-24T20:00:00Z,142.19,142.2,141.81,141.84,45.07233769581525,41.08547681822921,NaN,NaN
2023-01-24T21:00:00Z,141.7,141.7,141.7,141.7,44.198875651185254,40.893060414473766,NaN,NaN
2023-01-25T14:00:00Z,140.43,141.21,139.93,140.01,35.30463243815535,40.51469604469798,NaN,NaN
2023-01-25T15:00:00Z,140.04,140.22,138.74,139.17,31.871592839920893,39.96702749547127,NaN,NaN
2023-01-25T16:00:00Z,139.16,139.89,139.1,139.69,36.019270943445186,39.675419586692676,NaN,NaN
2023-01-25T17:00:00Z,139.7,140.45,139.57,140.39,41.20814743703823,39.80383197540565,NaN,NaN
2023-01-25T18:00:00Z,140.44,141.07,140.44,141.07,45.80615489069029,40.596107886720795,NaN,NaN
2023-01-25T19:00:00Z,141.04,141.34,140.9,141.34,47.559857404357686,41.43860744151805,NaN,NaN
2023-01-25T20:00:00Z,141.33,141.75,141.23,141.71,49.95004660281273,42.781118356611344,NaN,NaN
2023-01-26T13:00:00Z,141.88,141.88,141.88,141.88,51.05391737679341,43.5515362524581,NaN,NaN
2023-01-26T14:00:00Z,141.97,141.97,140.86,141.14,46.2700212781386,43.762616595885504,NaN,NaN
2023-01-26T15:00:00Z,141.21,141.29,140.77,141.04,45.64754464521886,43.86733834935651,NaN,NaN
2023-01-26T16:00:00Z,141.05,141.28,140.91,141.02,45.515658594350896,43.78418487689887,NaN,NaN
2023-01-26T17:00:00Z,141.03,141.37,141.02,141.15,46.59573730456731,43.71955679303503,NaN,NaN
2023-01-26T18:00:00Z,141.16,141.38,141.14,141.21,47.116804783831824,43.86559015646479,NaN,NaN
2023-01-26T19:00:00Z,141.19,141.28,141.03,141.11,46.305867068684805,44.01608954342904,NaN,NaN
2023-01-26T20:00:00Z,141.13,141.22,140.8,141.15,46.701029061233,44.830117873648874,NaN,NaN
2023-01-26T21:00:00Z,141.15,141.17,141.08,141.08,46.062154910579395,45.843729450124485,NaN,NaN
2023-01-27T14:00:00Z,140.9,141,140.18,140.4,40.29530243152059,46.149160270701294,NaN,NaN
2023-01-27T15:00:00Z,140.51,140.54,139.37,139.43,33.79548976406281,45.619684722631625,NaN,NaN
2023-01-27T16:00:00Z,139.39,140.47,139.39,140.44,43.93609917242238,45.48610931418391,NaN,NaN
2023-01-27T17:00:00Z,140.41,140.86,140.36,140.76,46.72061060200971,45.4261631140162,NaN,NaN
2023-01-27T18:00:00Z,140.76,140.81,140.45,140.53,44.99097874744204,45.07194398148972,NaN,NaN
2023-01-27T19:00:00Z,140.6,141.27,140.6,141.24,51.01916355847668,45.06946156589567,NaN,NaN
2023-01-27T20:00:00Z,141.19,141.36,140.455,140.55,45.76979535245085,45.033731142632256,NaN,NaN
2023-01-30T14:00:00Z,141.13,141.49,140.82,141.39,52.21556833779067,45.50287569210168,NaN,NaN
2023-01-30T15:00:00Z,141.815,142.11,141.49,141.6,53.69728416371071,46.08727751848453,NaN,NaN
2023-01-30T16:00:00Z,141.53,141.64,140.7,140.98,48.878338722481644,46.250320476906985,NaN,NaN
2023-01-30T17:00:00Z,140.99,141.06,140.56,140.67,46.62526358076493,46.21521039097363,NaN,NaN
2023-01-30T18:00:00Z,140.65,140.85,140.49,140.66,46.55072027747281,46.23269990588705,NaN,NaN
2023-01-30T19:00:00Z,140.66,140.73,140.28,140.62,46.2323168990882,46.19922046573385,NaN,NaN
2023-01-30T20:00:00Z,140.64,141.01,140.55,141.01,49.83511853592269,46.46871786754408,NaN,NaN
2023-01-31T14:00:00Z,141.36,141.73,141.12,141.42,53.37237278819644,47.40279432159236,NaN,NaN
2023-01-31T15:00:00Z,141.35,141.86,140.78,140.79,47.79545245875643,48.40279165692762,NaN,NaN
2023-01-31T16:00:00Z,140.85,141.6,140.84,141.28,51.99679754846566,48.97855582664499,NaN,NaN
2023-01-31T17:00:00Z,141.23,141.43,141.08,141.31,52.25017134246611,49.373524450963316,NaN,NaN
2023-01-31T18:00:00Z,141.32,141.68,141.29,141.68,55.37842210662764,50.11548469090514,NaN,NaN
2023-01-31T19:00:00Z,141.69,141.79,141.41,141.44,52.95499012874797,50.25375801735309,NaN,NaN
2023-01-31T20:00:00Z,141.44,142.46,141.42,142.39,60.351316626226776,51.295295251194226,NaN,NaN
2023-02-01T13:00:00Z,142.37,142.37,142.1,142.13,57.67860746210376,51.6855123315023,NaN,NaN
2023-02-01T14:00:00Z,142.1,142.54,141.87,142.12,57.57299986816241,51.96234916753457,NaN,NaN
2023-02-01T15:00:00Z,142.16,142.16,141.36,141.52,51.48221149899153,52.14834008014242,NaN,NaN
2023-02-01T16:00:00Z,141.6,142.48,141.58,142.29,57.67113894978987,52.93733117792992,NaN,NaN
2023-02-01T17:00:00Z,142.29,142.45,141.97,142.09,55.68426268302619,53.58972706404087,NaN,NaN
2023-02-01T18:00:00Z,142.06,142.32,141.94,142.27,57.116227890441905,54.367149277709,NaN,NaN
2023-02-01T19:00:00Z,142.23,143.43,141.73,143.22,63.770138264727215,55.362507829766464,NaN,NaN
2023-02-01T20:00:00Z,143.22,144.12,142.91,143.26,64.02325849823902,56.123285380483765,NaN,NaN
2023-02-01T21:00:00Z,143.19,143.19,143.19,143.19,63.191227116392476,57.22298357031491,NaN,NaN
2023-02-02T14:00:00Z,142.47,142.79,141.33,141.85,49.83878216340122,57.06883961423888,NaN,NaN
2023-02-02T15:00:00Z,142.13,142.68,141.31,142.55,55.1680720884835,57.27726109609727,NaN,NaN
2023-02-02T16:00:00Z,142.56,142.56,142.04,142.11,51.46666682686841,56.997850004685894,NaN,NaN
2023-02-02T17:00:00Z,142.09,142.13,141.61,141.9,49.751003846465565,56.76899384166571,NaN,NaN
2023-02-02T18:00:00Z,142.01,142.14,141.51,142.06,51.08882903718453,56.10738758530556,NaN,NaN
2023-02-02T19:00:00Z,142.07,142.15,141.44,141.88,49.49240683441165,55.52265896904184,NaN,NaN
2023-02-02T20:00:00Z,141.92,142.62,141.81,142.18,52.17473920351917,55.13706892156732,NaN,NaN
2023-02-03T14:00:00Z,142.65,143.36,141.63,141.635,47.26400562405807,54.835768501929216,NaN,NaN
2023-02-03T15:00:00Z,141.55,141.96,141.17,141.53,46.358700824174946,54.027737207242424,NaN,NaN
2023-02-03T16:00:00Z,141.63,142.21,141.59,141.7,48.092267929714865,53.485451867720194,NaN,NaN
2023-02-03T17:00:00Z,141.63,142.17,141.62,141.93,50.42655399245796,53.007618017864196,NaN,NaN
2023-02-03T18:00:00Z,141.92,142.22,141.755,142.22,53.27944302544724,52.258282643629904,NaN,NaN
2023-02-03T19:00:00Z,142.27,142.58,142.15,142.16,52.604914952662405,51.44268667608872,NaN,NaN
2023-02-03T20:00:00Z,142.1,142.69,142.01,142.6,56.91289584984461,50.99423444276387,NaN,NaN
2023-02-06T14:00:00Z,142.51,142.575,141.645,142.13,51.5253466520994,51.11470333481374,NaN,NaN
2023-02-06T15:00:00Z,142.14,142.25,141.78,142.08,50.972539484005395,50.815022434493876,NaN,NaN
2023-02-06T16:00:00Z,142.13,142.26,141.37,141.37,43.78825658431902,50.26656456002606,NaN,NaN
2023-02-06T17:00:00Z,141.39,141.48,141.2,141.28,42.961653564949096,49.781610968489176,NaN,NaN
2023-02-06T18:00:00Z,141.27,141.42,141.11,141.11,41.3729357441941,49.08761859041844,NaN,NaN
2023-02-06T19:00:00Z,141.02,141.67,141.02,141.39,44.9817641490801,48.76542982718047,NaN,NaN
2023-02-06T20:00:00Z,141.42,141.62,141.17,141.36,44.664530849592055,48.22898637332854,NaN,NaN
2023-02-07T12:00:00Z,141.24,141.49,141.24,141.49,46.4276818363171,48.16924895991847,NaN,NaN
2023-02-07T13:00:00Z,141.04,141.04,141.01,141.01,41.20686932690524,47.801260995827775,NaN,NaN
2023-02-07T14:00:00Z,140.9,140.9,139.1,139.71,31.029726960120513,46.58250806942817,NaN,NaN
2023-02-07T15:00:00Z,139.7,140.14,139.43,139.91,33.74099506785436,45.390682431956485,NaN,NaN
2023-02-07T16:00:00Z,139.91,140.37,139.75,139.81,33.04159414602529,43.94512179771207,NaN,NaN
2023-02-07T17:00:00Z,139.82,140.72,139.71,140.54,42.42405818059408,43.217917742564325,NaN,NaN
2023-02-07T18:00:00Z,140.57,140.79,138.8,138.98,32.07925020769039,41.444085910981876,NaN,NaN
2023-02-07T19:00:00Z,139.02,140.12,139.02,139.98,41.86526766087112,40.75408026875129,NaN,NaN
2023-02-07T20:00:00Z,140.09,140.28,139.8,140.03,42.312813537377245,40.1355284154207,NaN,NaN
2023-02-07T21:00:00Z,139.91,139.91,139.91,139.91,41.48732091047734,39.97117586728915,NaN,NaN
2023-02-08T12:00:00Z,139.93,139.93,139.61,139.61,39.41694616855531,39.71798248183245,NaN,NaN
2023-02-08T13:00:00Z,139.57,139.6,139.57,139.6,39.346460200958276,39.57323422874418,NaN,NaN
2023-02-08T14:00:00Z,139.53,139.53,138.7,139.38,37.747225900265356,39.056481496685976,NaN,NaN
2023-02-08T15:00:00Z,139.39,139.48,138.71,139.16,36.16426301859768,38.4493195087578,NaN,NaN
2023-02-08T16:00:00Z,139.14,139.26,138.71,138.73,33.230946918147396,37.5066955860314,NaN,NaN
2023-02-08T17:00:00Z,138.8,139.08,138.56,138.97,36.33485225485056,37.158694366598915,NaN,NaN
2023-02-08T18:00:00Z,138.995,139.21,138.58,138.82,35.232448270588705,37.45888874591808,NaN,NaN
2023-02-08T19:00:00Z,138.77,138.88,138.52,138.77,34.85285443018135,37.53830727179858,NaN,NaN
2023-02-08T20:00:00Z,138.79,138.83,138.42,138.59,33.455424432519166,37.56786657797671,NaN,NaN
2023-02-09T14:00:00Z,138.99,139.26,138.44,138.71,35.31739426700257,37.06024772700589,NaN,NaN
2023-02-09T15:00:00Z,138.59,138.72,137.88,138.29,31.947968051451483,37.05087043013168,NaN,NaN
2023-02-09T16:00:00Z,138.27,138.29,137.74,137.85,28.843395900406833,36.120736732955656,NaN,NaN
2023-02-09T17:00:00Z,137.96,138.01,137.16,137.36,25.832765116368236,34.9435904171693,NaN,NaN
2023-02-09T18:00:00Z,137.38,137.48,137.25,137.38,26.171495207491745,33.84960286695605,NaN,NaN
2023-02-09T19:00:00Z,137.37,137.79,137.25,137.59,29.79702271333757,33.16246547729764,NaN,NaN
2023-02-09T20:00:00Z,137.55,137.6,137.01,137.06,26.288286859075626,32.2297388100203,NaN,NaN
2023-02-10T14:00:00Z,136.86,137.04,135.89,136.83,24.917054197028136,31.313297974074793,NaN,NaN
2023-02-10T15:00:00Z,136.79,137.46,136.63,137.27,32.20274139632241,31.030332143912272,NaN,NaN
2023-02-10T16:00:00Z,137.32,137.555,137.1,137.25,32.05050234761325,30.946014674588408,NaN,NaN
2023-02-10T17:00:00Z,137.27,137.64,137.06,137.63,38.04367954916032,31.068073767039103,NaN,NaN
2023-02-10T18:00:00Z,137.7,138.14,137.53,138.1,44.55718909056628,31.734126682751786,NaN,NaN
2023-02-10T19:00:00Z,138.09,138.12,137.72,138.06,44.131953695081855,32.396919487387535,NaN,NaN
2023-02-10T20:00:00Z,138.23,138.295,137.88,138.27,46.9921497290334,33.36382843713855,NaN,NaN
2023-02-13T14:00:00Z,138.99,139.53,138.81,139.52,60.0897598457202,35.13328312133267,NaN,NaN
2023-02-13T15:00:00Z,139.49,140.42,139.29,140.25,65.45762493945327,37.526830041904226,NaN,NaN
2023-02-13T16:00:00Z,140.18,140.27,139.71,140.12,63.811653019259175,40.024562693250815,NaN,NaN
2023-02-13T17:00:00Z,140.17,140.22,139.81,139.93,61.38224813027296,42.563811479958304,NaN,NaN
2023-02-13T18:00:00Z,139.84,139.99,139.72,139.99,61.875856297373566,45.11412298637843,NaN,NaN
2023-02-13T19:00:00Z,140.03,140.03,139.63,139.68,57.767447467451355,47.112010468815136,NaN,NaN
2023-02-13T20:00:00Z,139.67,140.2,139.61,140.1,61.49748976572546,49.626953533575836,NaN,NaN
2023-02-13T21:00:00Z,139.86,140.1,139.76,140.1,61.49748976572546,52.239841788482785,NaN,NaN
2023-02-14T13:00:00Z,140.2,140.2,140.08,140.08,61.198978537598684,54.311001584288235,NaN,NaN
2023-02-14T14:00:00Z,139.72,140.23,139.53,139.9,58.44913149435092,56.19661795191235,NaN,NaN
2023-02-14T15:00:00Z,139.88,140.16,138.88,138.91,46.16320997375867,56.776584410812234,NaN,NaN
2023-02-14T16:00:00Z,138.88,139.59,138.62,138.84,45.43597121143197,56.83935456230264,NaN,NaN
2023-02-14T17:00:00Z,138.9,139.52,138.89,139.43,52.26221697792069,57.42008765393398,NaN,NaN
2023-02-14T18:00:00Z,139.43,140,139.43,139.92,57.066220966947355,58.139664170927844,NaN,NaN
2023-02-14T19:00:00Z,139.93,139.95,139.61,139.86,56.31885250977923,57.87031364693206,NaN,NaN
2023-02-14T20:00:00Z,139.85,139.91,139.23,139.28,49.561706151782694,56.73489087638416,NaN,NaN
2023-02-15T14:00:00Z,139.22,139.26,138.14,138.39,41.361062963048155,55.13127730094052,NaN,NaN
2023-02-15T15:00:00Z,138.37,138.81,138.07,138.24,40.15511524496968,53.61505352341886,NaN,NaN
2023-02-15T16:00:00Z,138.24,138.64,138.24,138.57,44.02200251246978,52.33977825306859,NaN,NaN
2023-02-15T17:00:00Z,138.54,138.71,138.29,138.35,42.07034342681509,51.21855653588028,NaN,NaN
2023-02-15T18:00:00Z,138.34,138.68,138.22,138.47,43.54066777560997,49.935926393729176,NaN,NaN
2023-02-15T19:00:00Z,138.52,138.54,138.28,138.3,41.91751253963621,48.53735659186566,NaN,NaN
2023-02-15T20:00:00Z,138.32,138.98,138.32,138.945,49.59522937910024,47.708517366258626,NaN,NaN
2023-02-16T14:00:00Z,137.43,137.765,136.58,136.65,32.92044467991859,45.88503973665632,NaN,NaN
2023-02-16T15:00:00Z,136.64,137.67,136.63,137.62,41.82354582634383,45.575063726126686,NaN,NaN
2023-02-16T16:00:00Z,137.695,137.805,137.39,137.79,43.24526909621878,45.418585003611454,NaN,NaN
2023-02-16T17:00:00Z,137.81,138.01,137.77,137.89,44.11050350685649,44.836319755678296,NaN,NaN
2023-02-16T18:00:00Z,138,138.19,137.46,137.5,41.45608560804244,43.72131008718509,NaN,NaN
2023-02-16T19:00:00Z,137.5,137.92,137.5,137.7,43.33913014350527,42.79418706102266,NaN,NaN
2023-02-16T20:00:00Z,137.65,137.7,137.01,137.12,39.383002142525285,42.06713677464713,NaN,NaN
2023-02-17T14:00:00Z,136.96,138.44,136.74,138.43,50.396607483653455,42.71253281183323,NaN,NaN
2023-02-17T15:00:00Z,138.4,138.65,138.05,138.27,49.2203215505228,43.36004754794417,NaN,NaN
2023-02-17T16:00:00Z,138.24,138.45,138.16,138.26,49.143117691862216,43.72584148932933,NaN,NaN
2023-02-17T17:00:00Z,138.29,139.25,138.29,138.81,53.46635436635782,44.53984227072524,NaN,NaN
2023-02-17T18:00:00Z,138.855,139.035,138.78,139.035,55.14617635453617,45.36880716921997,NaN,NaN
2023-02-17T19:00:00Z,139.17,139.62,139.17,139.61,59.19967316360652,46.60324721378928,NaN,NaN
2023-02-17T20:00:00Z,139.66,140.025,139.66,140.02,61.84729750810095,47.47839493728933,NaN,NaN
2023-02-21T14:00:00Z,138.77,139.86,138.77,139.6,57.71553308303445,49.24947268036903,NaN,NaN
2023-02-21T15:00:00Z,139.52,140.035,139.46,139.69,58.35752456419874,50.430471161644384,NaN,NaN
2023-02-21T16:00:00Z,139.7,140.55,139.68,140.54,63.92786071755433,51.90779913459692,NaN,NaN
2023-02-21T17:00:00Z,140.55,140.79,140.38,140.74,65.11045539577323,53.40779569809097,NaN,NaN
2023-02-21T18:00:00Z,140.72,140.88,140.2,140.24,59.82959400027704,54.720189154679154,NaN,NaN
2023-02-21T19:00:00Z,140.27,140.3,139.92,140.14,58.80237374806662,55.824706555004965,NaN,NaN
2023-02-21T20:00:00Z,140.3,140.35,139.82,139.97,57.010385729540474,57.08380538264891,NaN,NaN
2023-02-22T14:00:00Z,139.91,141.3,139.91,141.25,65.52854238621629,58.16465787568911,NaN,NaN
2023-02-22T15:00:00Z,141.22,141.57,140.75,141.07,63.6194830409756,59.19316941072146,NaN,NaN
2023-02-22T16:00:00Z,141.06,141.185,140.92,141.05,63.39847407103321,60.211409152090816,NaN,NaN
2023-02-22T17:00:00Z,141.06,141.07,140.73,140.73,59.81787720213151,60.66508935464608,NaN,NaN
2023-02-22T18:00:00Z,140.78,140.9,140.64,140.8,60.345473975515894,61.03646775614463,NaN,NaN
2023-02-22T19:00:00Z,140.79,140.93,140.27,140.36,55.41971807412908,60.7664709640391,NaN,NaN
2023-02-22T20:00:00Z,140.37,140.51,140.14,140.51,56.716809868476695,60.400007561208795,NaN,NaN
2023-02-23T12:00:00Z,140.82,140.82,140.8,140.8,59.1890788549268,60.50526083062967,NaN,NaN
2023-02-23T13:00:00Z,140.2,140.2,140.2,140.2,52.50672696775189,60.087346716597764,NaN,NaN
2023-02-23T14:00:00Z,139.62,141.14,139.62,140.91,58.48029484337425,59.69823486844205,NaN,NaN
2023-02-23T15:00:00Z,140.92,141.06,140.3,140.33,52.65406110489537,58.808492419093625,NaN,NaN
2023-02-23T16:00:00Z,140.3,140.46,139.38,139.42,45.067575661193565,57.75406253773052,NaN,NaN
2023-02-23T17:00:00Z,139.46,139.84,139.4,139.55,46.25882468918909,56.858094747810696,NaN,NaN
2023-02-23T18:00:00Z,139.56,139.62,139.11,139.19,43.448889483428985,55.88941644451701,NaN,NaN
2023-02-23T19:00:00Z,139.19,139.83,139.11,139.73,48.5020976901547,54.67324182336976,NaN,NaN
2023-02-23T20:00:00Z,139.75,140.135,139.75,140.07,51.44406739079623,53.80356927692837,NaN,NaN
2023-02-24T14:00:00Z,139.02,139.38,138.45,138.45,39.782404844429976,52.11670718931385,NaN,NaN
2023-02-24T15:00:00Z,138.35,138.91,138.08,138.2,38.338078953242004,50.58243588582174,NaN,NaN
2023-02-24T16:00:00Z,138.26,138.87,138.25,138.6,41.968386949990204,49.26978681256991,NaN,NaN
2023-02-24T17:00:00Z,138.57,139.07,138.47,138.75,43.31611413156089,48.40524367381504,NaN,NaN
2023-02-24T18:00:00Z,138.77,139,138.55,138.98,45.409622507915586,47.59758743377496,NaN,NaN
2023-02-24T19:00:00Z,139.02,139.3,138.78,139.27,48.01658475486616,46.799552140913484,NaN,NaN
2023-02-24T20:00:00Z,139.27,139.36,138.83,139.28,48.108608657091665,46.48540083300918,NaN,NaN
2023-02-27T14:00:00Z,139.73,140.36,139.59,140.32,56.694690207279244,46.35785764471668,NaN,NaN
2023-02-27T15:00:00Z,140.37,140.45,139.78,139.78,51.8934104570648,46.303525455585934,NaN,NaN
2023-02-27T16:00:00Z,139.77,139.81,138.75,138.85,44.849047555226846,46.28791630515973,NaN,NaN
2023-02-27T17:00:00Z,138.75,138.89,138.53,138.71,43.88331101066837,46.118236756693975,NaN,NaN
2023-02-27T18:00:00Z,138.81,139.08,138.76,139.07,47.041240258128475,46.37483324060107,NaN,NaN
2023-02-27T19:00:00Z,139.07,139.25,139.01,139.18,48.00408105274825,46.339260623643476,NaN,NaN
2023-02-27T20:00:00Z,139.19,139.31,138.88,139.16,47.83379717615309,46.0813841797404,NaN,NaN
2023-02-28T14:00:00Z,138.35,138.44,137.49,137.85,38.26031570929619,45.97266352723084,NaN,NaN
2023-02-28T15:00:00Z,137.87,138.13,137.46,137.65,37.04142134367209,45.88004512654727,NaN,NaN
2023-02-28T16:00:00Z,137.65,138.31,137.65,138.08,41.366430186901106,45.837048214898054,NaN,NaN
2023-02-28T17:00:00Z,138.13,138.55,138.09,138.47,45.053273999773836,45.96113106262755,NaN,NaN
2023-02-28T18:00:00Z,138.41,138.51,138.11,138.14,42.611692614391316,45.76127892737582,NaN,NaN
2023-02-28T19:00:00Z,138.1,138.14,137.62,137.64,39.14978863236404,45.127936347197085,NaN,NaN
2023-02-28T20:00:00Z,137.63,137.86,137.29,137.55,38.542791572136316,44.44466369827171,NaN,NaN
2023-03-01T12:00:00Z,139.3,139.8,139.3,139.63,55.65503618883321,44.37040269695414,NaN,NaN
2023-03-01T13:00:00Z,139.34,139.34,139.34,139.34,53.42161560336585,44.4795602074042,NaN,NaN
2023-03-01T14:00:00Z,138.9,138.9,137.1,137.11,40.09665951604336,44.1401039188911,NaN,NaN
2023-03-01T15:00:00Z,137.25,137.25,136.56,137.11,40.09665951604336,43.86962881213217,NaN,NaN
2023-03-01T16:00:00Z,137.08,137.66,136.51,137.5,42.98132210457475,43.579634658306894,NaN,NaN
2023-03-01T17:00:00Z,137.53,137.68,137.28,137.36,42.19579483723196,43.1647570714843,NaN,NaN
2023-03-01T18:00:00Z,137.34,137.46,137.06,137.25,41.55320281242544,42.7161431883609,NaN,NaN
2023-03-01T19:00:00Z,137.25,137.33,137.05,137.19,41.184780298740556,42.92503351617836,NaN,NaN
2023-03-01T20:00:00Z,137.17,137.715,137.16,137.64,45.11520643835213,43.50173245151264,NaN,NaN
2023-03-02T14:00:00Z,137.86,139.07,137.86,138.68,52.942077429744586,44.32856439743004,NaN,NaN
2023-03-02T15:00:00Z,138.685,139.63,138.64,139.35,57.17872094489539,45.19466775065301,NaN,NaN
2023-03-02T16:00:00Z,139.34,139.52,138.93,139.03,54.6481167092156,46.054412328854745,NaN,NaN
2023-03-02T17:00:00Z,139.07,139.2,138.94,139.06,54.84986266142058,47.175846188073066,NaN,NaN
2023-03-02T18:00:00Z,138.99,139.37,138.86,139.37,56.97952068467816,48.492755410397486,NaN,NaN
2023-03-02T19:00:00Z,139.42,139.89,139.42,139.85,60.11647743327262,48.8114297850003,NaN,NaN
2023-03-02T20:00:00Z,139.83,140.42,139.83,139.9,60.44007274483672,49.31274815224822,NaN,NaN
2023-03-03T12:00:00Z,141.46,141.46,141.46,141.46,68.9144308552139,51.371160390760394,NaN,NaN
2023-03-03T14:00:00Z,140.99,141.15,140.23,140.69,61.869470731916586,52.926361191894195,NaN,NaN
2023-03-03T15:00:00Z,140.71,140.71,139.98,140.21,57.89615323203309,53.99170627242693,NaN,NaN
2023-03-03T16:00:00Z,140.27,140.65,140.27,140.58,60.02717032082856,55.26537594982669,NaN,NaN
2023-03-03T17:00:00Z,140.53,140.61,140.43,140.5,59.327976409644805,56.535002635342366,NaN,NaN
2023-03-03T18:00:00Z,140.52,140.6,140.17,140.23,56.91829243391061,57.65882493071165,NaN,NaN
2023-03-03T19:00:00Z,140.24,140.51,140.08,140.49,58.65957694913179,58.62627996719591,NaN,NaN
2023-03-03T20:00:00Z,140.53,141.005,140.52,140.99,61.85274287237605,59.262756070241025,NaN,NaN
2023-03-06T14:00:00Z,140.49,141.05,140.49,140.96,61.54557250369398,59.574674038726634,NaN,NaN
2023-03-06T15:00:00Z,140.91,141.13,140.14,140.17,53.94782562622172,59.52465324708421,NaN,NaN
2023-03-06T16:00:00Z,140.19,140.305,139.95,140.15,53.76686241827735,59.4472960868597,NaN,NaN
2023-03-06T17:00:00Z,140.15,140.48,140.09,140.27,54.747690792678355,59.28787966600258,NaN,NaN
2023-03-06T18:00:00Z,140.2,140.42,140,140.33,55.258786345268334,58.940901731145125,NaN,NaN
2023-03-06T19:00:00Z,140.33,140.37,140.11,140.13,53.10567867591735,58.41701644050803,NaN,NaN
2023-03-06T20:00:00Z,140.09,140.385,139.98,140.35,55.17470005623506,57.43560709772384,NaN,NaN
2023-03-07T12:00:00Z,140.55,140.55,140.55,140.55,57.03076981562268,57.089985603702836,NaN,NaN
2023-03-07T13:00:00Z,140.57,140.57,140.3,140.3,54.01971884983466,56.81309743354581,NaN,NaN
2023-03-07T14:00:00Z,140.35,140.62,139.58,140.38,54.84136410036705,56.442682703512844,NaN,NaN
2023-03-07T15:00:00Z,140.4,140.4,138.74,138.79,39.668935714958614,55.038465511035255,NaN,NaN
2023-03-07T16:00:00Z,138.73,138.78,137.75,137.76,33.25123560202937,53.34796145161516,NaN,NaN
2023-03-07T17:00:00Z,137.75,138.37,137.72,137.8,33.69982704183688,51.56512217252267,NaN,NaN
2023-03-07T18:00:00Z,137.78,137.83,137.48,137.59,32.46620186952488,49.46608352946187,NaN,NaN
2023-03-07T19:00:00Z,137.57,137.88,137.44,137.49,31.867962166470804,47.346254219660224,NaN,NaN
2023-03-07T20:00:00Z,137.49,137.95,137.35,137.545,32.60353928428903,45.821662338093596,NaN,NaN
2023-03-07T21:00:00Z,137.56,137.56,137.56,137.56,32.81657490495121,44.32521322999887,NaN,NaN
2023-03-07T22:00:00Z,137.52,137.52,137.5,137.5,32.37573645544927,42.72721649162536,NaN,NaN
2023-03-08T14:00:00Z,137.295,137.69,136.96,136.96,28.646005700748532,40.826303588445384,NaN,NaN
2023-03-08T15:00:00Z,136.84,137.06,136.61,136.9,28.25649597651679,39.05136196705962,NaN,NaN
2023-03-08T16:00:00Z,136.89,137.39,136.89,137.34,35.2135376659412,37.62556465346721,NaN,NaN
2023-03-08T17:00:00Z,137.3,137.34,137.11,137.19,34.00298865262012,35.980723141824164,NaN,NaN
2023-03-08T18:00:00Z,137.22,137.23,136.83,137.07,33.0248766358816,34.48109155511323,NaN,NaN
2023-03-08T19:00:00Z,137.12,137.55,137.12,137.25,35.99883789117361,33.135196825885124,NaN,NaN
2023-03-08T20:00:00Z,137.25,137.67,137.12,137.57,41.0134456529048,33.23123325002414,NaN,NaN
2023-03-09T14:00:00Z,138.2,138.4,137.625,137.76,43.82767701819655,33.986693351178936,NaN,NaN
2023-03-09T15:00:00Z,137.63,137.68,137.31,137.35,39.45340124309656,34.397662936983195,NaN,NaN
2023-03-09T16:00:00Z,137.29,137.32,137.02,137.18,37.77012320732935,34.77651446111208,NaN,NaN
2023-03-09T17:00:00Z,137.18,138.36,137.15,138.34,52.62357639124989,36.25905833431059,NaN,NaN
2023-03-09T18:00:00Z,138.33,138.55,138.11,138.29,52.04691591122353,37.64787095052019,NaN,NaN
2023-03-09T19:00:00Z,138.29,138.29,136.92,136.94,39.47041186893481,38.12314501937617,NaN,NaN
2023-03-09T20:00:00Z,136.92,136.97,136.21,136.63,37.244830168862656,38.47093742747712,NaN,NaN
2023-03-10T14:00:00Z,136.94,137.95,136.8,137.09,42.432037022858395,39.455653950484965,NaN,NaN
2023-03-10T15:00:00Z,137.1,137.64,136.9,137.24,44.05592572520371,40.58418464681974,NaN,NaN
2023-03-10T16:00:00Z,137.24,137.42,136.46,136.93,41.45342457167489,41.02989085437215,NaN,NaN
2023-03-10T17:00:00Z,136.93,137.49,136.69,137.01,42.39907159386052,41.629611064460754,NaN,NaN
2023-03-10T18:00:00Z,136.98,137.07,136.36,136.49,38.092202365348186,41.991562902279796,NaN,NaN
2023-03-10T19:00:00Z,136.52,137.45,136.52,137.12,45.336917975115725,42.65856862256137,NaN,NaN
2023-03-10T20:00:00Z,137.09,137.22,136.66,137.16,45.77084128440767,42.99838259624015,NaN,NaN
2023-03-13T13:00:00Z,137.9,140.5,137.72,140.5,68.35776775695875,44.75053193472316,NaN,NaN
2023-03-13T14:00:00Z,140.51,141.28,139.51,140.49,68.26608925424337,46.80858107837651,NaN,NaN
2023-03-13T15:00:00Z,140.53,140.84,139.38,140.03,64.01313003913563,48.683081566362674,NaN,NaN
2023-03-13T16:00:00Z,140.1,140.34,138.85,139,55.6525679129003,48.89943810362342,NaN,NaN
2023-03-13T17:00:00Z,139.16,139.525,138.78,139.02,55.77335704054096,49.16561247000323,NaN,NaN
2023-03-13T18:00:00Z,139.04,139.27,138.6,138.69,53.198645555744434,50.146200590489634,NaN,NaN
2023-03-13T19:00:00Z,138.7,138.84,137.91,138.13,49.05973753290071,50.990122545063784,NaN,NaN
2023-03-13T21:00:00Z,138.16,138.16,138.16,138.16,49.28736219393342,51.479788628712,NaN,NaN
2023-03-14T13:00:00Z,138.29,138.56,137.56,138.29,50.32326254514347,51.92745554442198,NaN,NaN
2023-03-14T14:00:00Z,138.3,139.09,138.13,138.98,55.51706723134373,52.93200144868404,NaN,NaN
2023-03-14T15:00:00Z,138.98,139.34,138.42,138.42,50.86863747038793,53.53697043986457,NaN,NaN
2023-03-14T16:00:00Z,138.44,139.08,138.44,138.9,54.39351665874679,54.701350032250176,NaN,NaN
2023-03-14T17:00:00Z,138.85,138.88,138.39,138.44,50.64368312363116,55.08040468571557,NaN,NaN
2023-03-14T18:00:00Z,138.49,138.7,138.2,138.56,51.58142847747567,55.495446628077566,NaN,NaN
2023-03-14T19:00:00Z,138.58,140.105,138.4,139.86,60.36660086411727,54.92464899287461,NaN,NaN
2023-03-15T13:00:00Z,139.6,140.57,139.44,140.06,61.52326651132751,54.443018796952046,NaN,NaN
2023-03-15T14:00:00Z,140,140.84,139.85,140.8,65.53151898092725,54.55147514993718,NaN,NaN
2023-03-15T15:00:00Z,140.8,141.1,140.37,140.37,61.52099043845669,54.970648187476925,NaN,NaN
2023-03-15T16:00:00Z,140.33,140.67,140.11,140.26,60.50093823262619,55.30833255834016,NaN,NaN
2023-03-15T17:00:00Z,140.21,140.83,140.14,140.83,63.846127936784335,56.06886701412873,NaN,NaN
2023-03-15T18:00:00Z,140.89,142.15,140.88,141.42,66.96481995686344,57.3478014729832,NaN,NaN
2023-03-15T19:00:00Z,141.39,141.9,141.04,141.88,69.1959074186027,58.76984041760243,NaN,NaN
2023-03-16T13:00:00Z,141.82,142.47,141.68,141.72,67.48857912816027,59.995934459246484,NaN,NaN
2023-03-16T14:00:00Z,141.92,143.02,141.92,142.99,73.15133399207723,61.25552494215602,NaN,NaN
2023-03-16T15:00:00Z,143.04,143.04,142.34,142.5,68.21453147783073,62.49451737125908,NaN,NaN
2023-03-16T16:00:00Z,142.41,142.85,141.88,142.71,69.17468123978357,63.55031484133313,NaN,NaN
2023-03-16T17:00:00Z,142.65,143.02,142.46,142.55,67.50162717873005,64.75445370241162,NaN,NaN
2023-03-16T18:00:00Z,142.55,142.84,142.33,142.84,68.96668149170918,65.9962574891426,NaN,NaN
2023-03-16T19:00:00Z,142.86,143.12,142.71,142.87,69.12176034551437,66.6216260235281,NaN,NaN
2023-03-16T21:00:00Z,142.88,142.88,142.88,142.88,69.1770523025217,67.1683250086134,NaN,NaN
2023-03-17T13:00:00Z,142.75,143.04,141.92,142.27,61.896114310753866,66.90865324645816,NaN,NaN
2023-03-17T14:00:00Z,142.35,142.54,141.535,142.16,60.65632214660535,66.84689122561163,NaN,NaN
2023-03-17T15:00:00Z,142.15,142.845,142.14,142.25,61.338656057821645,66.90672821312559,NaN,NaN
2023-03-17T16:00:00Z,142.31,143.39,142.31,142.92,66.05795016759637,67.06471551532645,NaN,NaN
2023-03-17T17:00:00Z,142.83,143.17,142.58,142.69,63.205659501303906,66.79620405421505,NaN,NaN
2023-03-17T18:00:00Z,142.735,142.81,141.78,142.03,55.76470151260906,65.83683220378694,NaN,NaN
2023-03-17T19:00:00Z,142.04,142.96,141.9,142.9,62.09881292685586,65.45184890369376,NaN,NaN
2023-03-17T20:00:00Z,143.15,143.15,143.15,143.15,63.70703005966577,64.77725576566438,NaN,NaN
2023-03-20T13:00:00Z,143.74,144.63,143.67,144.55,71.10194517445794,64.98349960113775,NaN,NaN
2023-03-20T14:00:00Z,144.37,144.4,143.27,144.21,67.50461961629499,64.86420948517427,NaN,NaN
2023-03-20T15:00:00Z,144.23,144.67,143.95,144.62,69.50804492345115,65.00752503836864,NaN,NaN
2023-03-20T16:00:00Z,144.53,145.11,144.1,144.97,71.14359065318897,65.1630185499029,NaN,NaN
2023-03-20T17:00:00Z,145.21,145.4,144.6,144.77,68.87029461165737,65.14505671177027,NaN,NaN
2023-03-20T18:00:00Z,144.77,144.85,144.3,144.68,67.82008558712624,65.04813051781345,NaN,NaN
2023-03-20T19:00:00Z,144.7,145.3,144.69,145.07,69.95794996607802,65.62397592176517,NaN,NaN
2023-03-21T13:00:00Z,145.115,145.165,144.09,144.09,59.29745285195694,65.52691382929028,NaN,NaN
2023-03-21T14:00:00Z,144.09,144.24,143.49,143.86,57.09832638748534,65.22403313855197,NaN,NaN
2023-03-21T15:00:00Z,144,144.18,143.4,143.47,53.47672675348704,64.32537432325844,NaN,NaN
2023-03-21T16:00:00Z,143.41,143.51,143.04,143.09,50.139680012287684,63.392090074043004,NaN,NaN
2023-03-21T17:00:00Z,143.07,143.21,142.86,142.98,49.18291451430367,62.9219624313069,NaN,NaN
2023-03-21T18:00:00Z,143.07,143.74,142.97,143.66,54.91083583013813,62.408535495827074,NaN,NaN
2023-03-21T19:00:00Z,143.67,144.1,143.59,144.1,58.19443287850189,62.01477855431536,NaN,NaN
2023-03-22T13:00:00Z,144.04,144.43,143.86,144.24,59.21224476595498,61.1655142394223,NaN,NaN
2023-03-22T14:00:00Z,144.25,145.16,144.08,144.86,63.45554031608283,60.87629428940715,NaN,NaN
2023-03-22T15:00:00Z,144.86,145.37,144.78,145.3,66.14716321944681,60.636231310549704,NaN,NaN
2023-03-22T16:00:00Z,145.36,145.54,145.01,145.16,64.51884494730663,60.16303518870096,NaN,NaN
2023-03-22T17:00:00Z,145.13,145.32,144.87,144.87,61.16029149404291,59.61232068029993,NaN,NaN
2023-03-22T18:00:00Z,144.8,145.72,144.75,144.83,60.691006467532226,59.103100743186076,NaN,NaN
2023-03-22T19:00:00Z,144.81,145.44,143.95,143.97,51.53524196586169,57.78719302888491,NaN,NaN
2023-03-22T20:00:00Z,143.85,144.25,143.85,144.25,53.96999842735166,57.40666056998453,NaN,NaN
2023-03-22T21:00:00Z,144,144,144,144,51.48308480975092,57.00557188586065,NaN,NaN
2023-03-23T12:00:00Z,144.18,144.18,144.18,144.18,53.156764549178156,56.98271744269572,NaN,NaN
2023-03-23T13:00:00Z,144.07,144.54,143.38,143.89,50.15482413756562,56.98379916592986,NaN,NaN
2023-03-23T14:00:00Z,143.92,144.39,143.65,144.31,54.18980640990607,57.341434301330025,NaN,NaN
2023-03-23T15:00:00Z,144.3,144.875,144.22,144.8,58.41888806127348,57.592009460696836,NaN,NaN
2023-03-23T16:00:00Z,144.8,145.1,144.6,144.71,57.371254500958116,57.533211005158,NaN,NaN
2023-03-23T17:00:00Z,144.68,144.89,144.17,144.29,52.62812003568217,57.062916381567085,NaN,NaN
2023-03-23T18:00:00Z,144.35,144.47,143.33,143.56,45.575355165716125,55.78576029939803,NaN,NaN
2023-03-23T19:00:00Z,143.61,144.2,143.19,143.74,47.445543843134566,54.44993034394715,NaN,NaN
2023-03-23T20:00:00Z,143.76,143.76,143.76,143.76,47.66075236724024,53.245780873942415,NaN,NaN
2023-03-24T13:00:00Z,143.95,145.25,143.95,145.14,59.871378584075764,53.15371566608762,NaN,NaN
2023-03-24T14:00:00Z,145.15,145.38,144.76,145.2,60.30499248602751,53.12614323883728,NaN,NaN
2023-03-24T15:00:00Z,145.18,146.04,144.83,145.85,64.74893097439222,54.06997816801804,NaN,NaN
2023-03-24T16:00:00Z,145.87,146.2,145.63,146.07,66.13099632548426,54.9386208750275,NaN,NaN
2023-03-24T17:00:00Z,146.11,146.16,145.75,145.95,64.6422657562112,55.878562371203245,NaN,NaN
2023-03-24T18:00:00Z,146,146.45,145.96,146.4,67.58886598382074,56.909426759392,NaN,NaN
2023-03-24T19:00:00Z,146.43,146.76,146.2,146.75,69.70365589372415,58.305771884831884,NaN,NaN
2023-03-24T20:00:00Z,146.2,146.8,146.2,146.8,70.00475678024986,59.435411196999304,NaN,NaN
2023-03-27T11:00:00Z,147.09,147.09,147.09,147.09,71.75795350230445,60.38820158564437,NaN,NaN
2023-03-27T12:00:00Z,147.07,147.07,146.91,147.05,71.14030603051172,61.37170526632677,NaN,NaN
2023-03-27T13:00:00Z,147.02,147.42,146.49,146.6,64.42224864548484,62.21414302416982,NaN,NaN
2023-03-27T14:00:00Z,146.61,146.96,146.14,146.74,65.51338433820726,63.63828796506204,NaN,NaN
2023-03-27T15:00:00Z,146.66,146.82,146.47,146.55,62.70279486910509,64.72809160977422,NaN,NaN
2023-03-27T16:00:00Z,146.52,146.53,146.15,146.24,58.30753236770425,65.48857589552165,NaN,NaN
2023-03-27T17:00:00Z,146.28,146.58,146.22,146.35,59.39518722995022,65.45456222736982,NaN,NaN
2023-03-27T18:00:00Z,146.36,146.6,146.2,146.57,61.55533878722586,65.54387267745543,NaN,NaN
2023-03-27T19:00:00Z,146.59,146.61,145.875,145.96,53.1174169957859,64.71305025041211,NaN,NaN
2023-03-28T11:00:00Z,146.06,146.06,146.06,146.06,54.22519097391826,63.862635582443104,NaN,NaN
2023-03-28T13:00:00Z,146,146.62,145.87,146.39,57.771253895158154,63.37184902093933,NaN,NaN
2023-03-28T14:00:00Z,146.38,146.53,145.88,145.96,52.10685350148855,62.26599098648702,NaN,NaN
2023-03-28T15:00:00Z,145.95,146.65,145.89,146.59,58.5234093445101,61.46740194725744,NaN,NaN
2023-03-28T16:00:00Z,146.57,146.6,146.32,146.48,57.08530708513396,60.544584111892014,NaN,NaN
2023-03-28T17:00:00Z,146.47,146.8,146.41,146.49,57.188301720487935,59.50389469890513,NaN,NaN
2023-03-28T18:00:00Z,146.46,146.7,146.38,146.38,55.607351574534626,58.39439795204962,NaN,NaN
2023-03-28T19:00:00Z,146.38,146.43,146,146.39,55.72717458100219,57.773321233158,NaN,NaN
2023-03-29T13:00:00Z,146.87,147.12,146.26,146.87,61.14803326445806,57.461510442175914,NaN,NaN
2023-03-29T14:00:00Z,146.92,147.2,146.66,146.93,61.77803044462402,57.39545584042727,NaN,NaN
2023-03-29T15:00:00Z,146.91,147.17,146.66,146.97,62.217881188772,57.674766470503535,NaN,NaN
2023-03-29T16:00:00Z,146.99,147.14,146.87,147.12,64.00235834558397,58.00385012162024,NaN,NaN
2023-03-29T17:00:00Z,147.12,147.28,146.75,146.75,57.92557595203308,57.7445813476779,NaN,NaN
2023-03-29T18:00:00Z,146.79,146.93,146.49,146.69,56.01635589121491,57.95164841163711,NaN,NaN
2023-03-29T19:00:00Z,146.68,146.9,146.38,146.82,57.787140549233776,58.20607338130251,NaN,NaN
2023-03-30T12:00:00Z,147.21,147.25,147.21,147.25,63.08165942228854,58.58538806181182,NaN,NaN
2023-03-30T13:00:00Z,147.18,147.2,146.38,146.65,53.077905812524506,58.65474894117153,NaN,NaN
2023-03-30T14:00:00Z,146.53,146.88,146.33,146.48,50.628088161962815,58.09079742813243,NaN,NaN
2023-03-30T15:00:00Z,146.45,146.72,146.3,146.65,52.96594075865202,57.79655697624087,NaN,NaN
2023-03-30T16:00:00Z,146.65,147.01,146.65,147.01,57.5500277801749,57.822394551932796,NaN,NaN
2023-03-30T17:00:00Z,147,147.33,146.97,147.24,60.21774508591788,58.15170837417446,NaN,NaN
2023-03-30T18:00:00Z,147.22,147.37,147.1,147.26,60.450495405813406,58.48908843308955,NaN,NaN
2023-03-30T19:00:00Z,147.24,147.53,147.19,147.41,62.23507319987293,58.56673414276204,NaN,NaN
2023-03-31T12:00:00Z,147.52,147.72,147.42,147.72,65.68156341515055,58.84555792637108,NaN,NaN
2023-03-31T13:00:00Z,147.69,148.29,147.69,148.19,70.13211394243201,59.410860265918224,NaN,NaN
2023-03-31T14:00:00Z,148.2,148.41,148.05,148.07,67.71745960218098,59.67622464138943,NaN,NaN
2023-03-31T15:00:00Z,148.06,148.18,147.58,148.13,68.3050607714274,60.417616414203316,NaN,NaN
2023-03-31T16:00:00Z,148.14,148.44,148.14,148.22,69.21036678641607,61.36004576386055,NaN,NaN
2023-03-31T17:00:00Z,148.19,148.21,147.91,147.99,64.16628210765339,61.81569873231909,NaN,NaN
2023-03-31T18:00:00Z,147.96,148.03,147.73,147.98,63.94806165598853,61.877584606154805,NaN,NaN
2023-03-31T19:00:00Z,147.99,148.67,147.96,148.62,70.79390203838565,63.143012908002035,NaN,NaN
2023-03-31T20:00:00Z,148.48,148.48,148.48,148.48,67.76265515783,64.36691055056397,NaN,NaN